{
  "norm_stats": {
    "state": {
      "mean": [
        -0.19134370982646942,
        -1.3164111375808716,
        0.8712801933288574,
        0.7649098038673401,
        -0.7020418047904968,
        -1.2664934396743774,
        0.023839514702558517,
        0.12134645134210587,
        -1.3886313438415527,
        1.031499981880188,
        2.2456130981445312,
        -0.7581136226654053,
        -1.7814804315567017,
        0.03463468328118324
      ],
      "std": [
        0.20286442339420319,
        0.6693131923675537,
        0.5147303938865662,
        0.3184129297733307,
        0.23361803591251373,
        0.2918466329574585,
        0.03130514174699783,
        0.198499396443367,
        0.6406838297843933,
        0.5928418040275574,
        0.5818785429000854,
        0.40923380851745605,
        0.5945914387702942,
        0.03376706317067146
      ],
      "q01": [
        -0.6029220819473267,
        -2.0887694358825684,
        -0.08449683338403702,
        0.09555962681770325,
        -1.122873306274414,
        -1.8198291063308716,
        -0.000076202632044442,
        -0.3433089256286621,
        -2.125009536743164,
        -0.08106355369091034,
        -0.804341197013855,
        -1.357480764389038,
        -2.4572746753692627,
        -0.00010881568596232682
      ],
      "q99": [
        0.31948578357696533,
        0.17338064312934875,
        1.7122529745101929,
        1.5035858154296875,
        -0.09784847497940063,
        -0.5395971536636353,
        0.06983146071434021,
        0.5735484957695007,
        0.17223620414733887,
        1.9888228178024292,
        2.7628366947174072,
        0.8653773069381714,
        1.508163571357727,
        0.07075068354606628
      ]
    },
    "actions": {
      "mean": [
        -0.19076760113239288,
        -1.317819356918335,
        0.8720578551292419,
        0.7582165598869324,
        -0.7034704685211182,
        -1.2598775625228882,
        0.023748362436890602,
        0.12331971526145935,
        -1.3906443119049072,
        1.0324969291687012,
        2.250234603881836,
        -0.7571595907211304,
        -1.7855533361434937,
        0.03498055040836334
      ],
      "std": [
        0.20462921261787415,
        0.6685614585876465,
        0.5151805877685547,
        0.3146349787712097,
        0.23427951335906982,
        0.29491814970970154,
        0.032684359699487686,
        0.19939465820789337,
        0.6385005116462708,
        0.5941805243492126,
        0.5804573893547058,
        0.4131564795970917,
        0.596844494342804,
        0.034757256507873535
      ],
      "q01": [
        -0.6021591424942017,
        -2.0895323753356934,
        -0.08449683338403702,
        0.08869306743144989,
        -1.1305028200149536,
        -1.8221179246902466,
        -0.0018141824984923005,
        -0.34580758213996887,
        -2.1278514862060547,
        -0.08106355369091034,
        -0.804341197013855,
        -1.358243703842163,
        -2.46126127243042,
        -0.0007310884539037943
      ],
      "q99": [
        0.32520791888237,
        0.17376211285591125,
        1.7168307304382324,
        1.4955748319625854,
        -0.08945601433515549,
        -0.5228122472763062,
        0.07278933376073837,
        0.5752460360527039,
        0.17223620414733887,
        1.9907301664352417,
        2.764152765274048,
        0.8657587766647339,
        1.507400631904602,
        0.07215031236410141
      ]
    }
  }
}